drug,count,mean,std,min,25%,50%,75%,max
Ket,17.0,9023.3095703125,1507.9696044921875,6656.21923828125,7705.2646484375,9033.205078125,9795.27734375,11874.705078125
Psilo,17.0,8686.6640625,1053.9993896484375,6980.2265625,8029.22509765625,8656.205078125,9324.775390625,10816.4130859375
none,8.0,8422.90234375,852.9844360351562,7136.70751953125,7887.29736328125,8394.7666015625,8895.23291015625,9833.5439453125
